pce,etr
0.1882733522886984,0.8051448488963987
METADATA,"{'timestamp': '2026-02-24T16:02:13.712023', 'temperature': 295.0, 'max_hierarchy': 10, 'n_sites': 7}"
